/*
 Navicat Premium Data Transfer

 Source Server         : 本机
 Source Server Type    : MySQL
 Source Server Version : 50642
 Source Host           : localhost:3306
 Source Schema         : school

 Target Server Type    : MySQL
 Target Server Version : 50642
 File Encoding         : 65001

 Date: 06/05/2020 17:25:13
*/

SET NAMES utf8mb4;
SET FOREIGN_KEY_CHECKS = 0;

-- ----------------------------
-- Table structure for oauth_access_token
-- ----------------------------
DROP TABLE IF EXISTS `oauth_access_token`;
CREATE TABLE `oauth_access_token`  (
  `token_id` varchar(256) CHARACTER SET utf8 COLLATE utf8_general_ci NULL DEFAULT NULL,
  `token` blob NULL,
  `authentication_id` varchar(48) CHARACTER SET utf8 COLLATE utf8_general_ci NOT NULL,
  `user_name` varchar(256) CHARACTER SET utf8 COLLATE utf8_general_ci NULL DEFAULT NULL,
  `client_id` varchar(256) CHARACTER SET utf8 COLLATE utf8_general_ci NULL DEFAULT NULL,
  `authentication` blob NULL,
  `refresh_token` varchar(256) CHARACTER SET utf8 COLLATE utf8_general_ci NULL DEFAULT NULL,
  PRIMARY KEY (`authentication_id`) USING BTREE
) ENGINE = InnoDB CHARACTER SET = utf8 COLLATE = utf8_general_ci ROW_FORMAT = Compact;

-- ----------------------------
-- Table structure for oauth_approvals
-- ----------------------------
DROP TABLE IF EXISTS `oauth_approvals`;
CREATE TABLE `oauth_approvals`  (
  `userId` varchar(256) CHARACTER SET utf8 COLLATE utf8_general_ci NULL DEFAULT NULL,
  `clientId` varchar(256) CHARACTER SET utf8 COLLATE utf8_general_ci NULL DEFAULT NULL,
  `scope` varchar(256) CHARACTER SET utf8 COLLATE utf8_general_ci NULL DEFAULT NULL,
  `status` varchar(10) CHARACTER SET utf8 COLLATE utf8_general_ci NULL DEFAULT NULL,
  `expiresAt` timestamp(0) NOT NULL DEFAULT CURRENT_TIMESTAMP(0) ON UPDATE CURRENT_TIMESTAMP(0),
  `lastModifiedAt` timestamp(0) NOT NULL DEFAULT '0000-00-00 00:00:00'
) ENGINE = InnoDB CHARACTER SET = utf8 COLLATE = utf8_general_ci ROW_FORMAT = Compact;

-- ----------------------------
-- Table structure for oauth_client_details
-- ----------------------------
DROP TABLE IF EXISTS `oauth_client_details`;
CREATE TABLE `oauth_client_details`  (
  `client_id` varchar(48) CHARACTER SET utf8 COLLATE utf8_general_ci NOT NULL,
  `resource_ids` varchar(256) CHARACTER SET utf8 COLLATE utf8_general_ci NULL DEFAULT NULL,
  `client_secret` varchar(256) CHARACTER SET utf8 COLLATE utf8_general_ci NULL DEFAULT NULL,
  `scope` varchar(256) CHARACTER SET utf8 COLLATE utf8_general_ci NULL DEFAULT NULL,
  `authorized_grant_types` varchar(256) CHARACTER SET utf8 COLLATE utf8_general_ci NULL DEFAULT NULL,
  `web_server_redirect_uri` varchar(256) CHARACTER SET utf8 COLLATE utf8_general_ci NULL DEFAULT NULL,
  `authorities` varchar(256) CHARACTER SET utf8 COLLATE utf8_general_ci NULL DEFAULT NULL,
  `access_token_validity` int(11) NULL DEFAULT NULL,
  `refresh_token_validity` int(11) NULL DEFAULT NULL,
  `additional_information` varchar(4096) CHARACTER SET utf8 COLLATE utf8_general_ci NULL DEFAULT NULL,
  `autoapprove` varchar(256) CHARACTER SET utf8 COLLATE utf8_general_ci NULL DEFAULT NULL,
  PRIMARY KEY (`client_id`) USING BTREE
) ENGINE = InnoDB CHARACTER SET = utf8 COLLATE = utf8_general_ci ROW_FORMAT = Compact;

-- ----------------------------
-- Records of oauth_client_details
-- ----------------------------
INSERT INTO `oauth_client_details` VALUES ('app', NULL, 'app', 'app', 'password,refresh_token', NULL, NULL, NULL, NULL, NULL, NULL);
INSERT INTO `oauth_client_details` VALUES ('XcWebApp', NULL, '$2a$10$9bEpZ/hWRQxyr5hn5wHUj.jxFpIrnOmBcWlE/g/0Zp3uNxt9QTh/S', 'app', 'authorization_code,password,refresh_token,client_credentials', '', NULL, 43200, 43200, NULL, NULL);

-- ----------------------------
-- Table structure for oauth_client_token
-- ----------------------------
DROP TABLE IF EXISTS `oauth_client_token`;
CREATE TABLE `oauth_client_token`  (
  `token_id` varchar(256) CHARACTER SET utf8 COLLATE utf8_general_ci NULL DEFAULT NULL,
  `token` blob NULL,
  `authentication_id` varchar(48) CHARACTER SET utf8 COLLATE utf8_general_ci NOT NULL,
  `user_name` varchar(256) CHARACTER SET utf8 COLLATE utf8_general_ci NULL DEFAULT NULL,
  `client_id` varchar(256) CHARACTER SET utf8 COLLATE utf8_general_ci NULL DEFAULT NULL,
  PRIMARY KEY (`authentication_id`) USING BTREE
) ENGINE = InnoDB CHARACTER SET = utf8 COLLATE = utf8_general_ci ROW_FORMAT = Compact;

-- ----------------------------
-- Table structure for oauth_code
-- ----------------------------
DROP TABLE IF EXISTS `oauth_code`;
CREATE TABLE `oauth_code`  (
  `code` varchar(256) CHARACTER SET utf8 COLLATE utf8_general_ci NULL DEFAULT NULL,
  `authentication` blob NULL
) ENGINE = InnoDB CHARACTER SET = utf8 COLLATE = utf8_general_ci ROW_FORMAT = Compact;

-- ----------------------------
-- Table structure for oauth_refresh_token
-- ----------------------------
DROP TABLE IF EXISTS `oauth_refresh_token`;
CREATE TABLE `oauth_refresh_token`  (
  `token_id` varchar(256) CHARACTER SET utf8 COLLATE utf8_general_ci NULL DEFAULT NULL,
  `token` blob NULL,
  `authentication` blob NULL
) ENGINE = InnoDB CHARACTER SET = utf8 COLLATE = utf8_general_ci ROW_FORMAT = Compact;

-- ----------------------------
-- Records of oauth_refresh_token
-- ----------------------------
INSERT INTO `oauth_refresh_token` VALUES ('b96e057b4e1c4920428e833db48d4c15', 0xEFBFBDEFBFBD00057372004C6F72672E737072696E676672616D65776F726B2E73656375726974792E6F61757468322E636F6D6D6F6E2E44656661756C744578706972696E674F417574683252656672657368546F6B656E2FEFBFBD4763EFBFBDEFBFBDC9B70200014C000A65787069726174696F6E7400104C6A6176612F7574696C2F446174653B787200446F72672E737072696E676672616D65776F726B2E73656375726974792E6F61757468322E636F6D6D6F6E2E44656661756C744F417574683252656672657368546F6B656E73EFBFBD0E0A6354EFBFBD5E0200014C000576616C75657400124C6A6176612F6C616E672F537472696E673B787074002462303132643438372D613930382D343361662D613865662D3533633533393963386264367372000E6A6176612E7574696C2E44617465686AEFBFBD014B59741903000078707708000001613B74C98E78, 0xEFBFBDEFBFBD0005737200416F72672E737072696E676672616D65776F726B2E73656375726974792E6F61757468322E70726F76696465722E4F417574683241757468656E7469636174696F6EEFBFBD400B02166252130200024C000D73746F7265645265717565737474003C4C6F72672F737072696E676672616D65776F726B2F73656375726974792F6F61757468322F70726F76696465722F4F4175746832526571756573743B4C00127573657241757468656E7469636174696F6E7400324C6F72672F737072696E676672616D65776F726B2F73656375726974792F636F72652F41757468656E7469636174696F6E3B787200476F72672E737072696E676672616D65776F726B2E73656375726974792E61757468656E7469636174696F6E2E416273747261637441757468656E7469636174696F6E546F6B656ED3AA287E6E47640E0200035A000D61757468656E746963617465644C000B617574686F7269746965737400164C6A6176612F7574696C2F436F6C6C656374696F6E3B4C000764657461696C737400124C6A6176612F6C616E672F4F626A6563743B787000737200266A6176612E7574696C2E436F6C6C656374696F6E7324556E6D6F6469666961626C654C697374EFBFBD0F2531EFBFBDEFBFBD100200014C00046C6973747400104C6A6176612F7574696C2F4C6973743B7872002C6A6176612E7574696C2E436F6C6C656374696F6E7324556E6D6F6469666961626C65436F6C6C656374696F6E194200EFBFBDEFBFBD5EEFBFBD1E0200014C00016371007E00047870737200136A6176612E7574696C2E41727261794C69737478EFBFBDEFBFBD1DEFBFBDEFBFBD61EFBFBD03000149000473697A65787000000009770400000009737200426F72672E737072696E676672616D65776F726B2E73656375726974792E636F72652E617574686F726974792E53696D706C654772616E746564417574686F7269747900000000000001EFBFBD0200014C0004726F6C657400124C6A6176612F6C616E672F537472696E673B787074000A524F4C455F61646D696E7371007E000D740006617069646F637371007E000D74000C64617461626173652F6C6F677371007E000D74000673797374656D7371007E000D740008757365722F6164647371007E000D74000B757365722F64656C6574657371007E000D740009757365722F656469747371007E000D740009757365722F766965777371007E000D740008757365724C6973747871007E000C707372003A6F72672E737072696E676672616D65776F726B2E73656375726974792E6F61757468322E70726F76696465722E4F41757468325265717565737400000000000000010200075A0008617070726F7665644C000B617574686F72697469657371007E00044C000A657874656E73696F6E7374000F4C6A6176612F7574696C2F4D61703B4C000B726564697265637455726971007E000E4C00077265667265736874003B4C6F72672F737072696E676672616D65776F726B2F73656375726974792F6F61757468322F70726F76696465722F546F6B656E526571756573743B4C000B7265736F7572636549647374000F4C6A6176612F7574696C2F5365743B4C000D726573706F6E7365547970657371007E0024787200386F72672E737072696E676672616D65776F726B2E73656375726974792E6F61757468322E70726F76696465722E426173655265717565737436287A3EEFBFBD7169EFBFBD0200034C0008636C69656E74496471007E000E4C001172657175657374506172616D657465727371007E00224C000573636F706571007E00247870740006776562417070737200256A6176612E7574696C2E436F6C6C656374696F6E7324556E6D6F6469666961626C654D6170EFBFBDEFBFBD74EFBFBD07420200014C00016D71007E00227870737200116A6176612E7574696C2E486173684D61700507EFBFBDEFBFBDEFBFBD1660EFBFBD03000246000A6C6F6164466163746F724900097468726573686F6C6478703F400000000000037708000000040000000274000A6772616E745F7479706574000870617373776F7264740008757365726E616D6574000561646D696E78737200256A6176612E7574696C2E436F6C6C656374696F6E7324556E6D6F6469666961626C65536574EFBFBD1DEFBFBDD18FEFBFBDEFBFBD550200007871007E0009737200176A6176612E7574696C2E4C696E6B656448617368536574EFBFBD6CEFBFBD5AEFBFBDEFBFBD2A1E020000787200116A6176612E7574696C2E48617368536574EFBFBD44EFBFBDEFBFBDEFBFBDEFBFBDEFBFBD340300007870770C000000103F4000000000000174000361707078017371007E0033770C000000103F40000000000000787371007E002A3F40000000000000770800000010000000007870707371007E0033770C000000103F40000000000000787371007E0033770C000000103F40000000000000787372004F6F72672E737072696E676672616D65776F726B2E73656375726974792E61757468656E7469636174696F6E2E557365726E616D6550617373776F726441757468656E7469636174696F6E546F6B656E00000000000001EFBFBD0200024C000B63726564656E7469616C7371007E00054C00097072696E636970616C71007E00057871007E0003017371007E00077371007E000B0000000977040000000971007E000F71007E001171007E001371007E001571007E001771007E001971007E001B71007E001D71007E001F7871007E003D737200176A6176612E7574696C2E4C696E6B6564486173684D617034EFBFBD4E5C106CEFBFBDEFBFBD0200015A000B6163636573734F726465727871007E002A3F400000000000067708000000080000000271007E002C71007E002D71007E002E71007E002F780070737200326F72672E737072696E676672616D65776F726B2E73656375726974792E636F72652E7573657264657461696C732E5573657200000000000001EFBFBD0200075A00116163636F756E744E6F6E457870697265645A00106163636F756E744E6F6E4C6F636B65645A001563726564656E7469616C734E6F6E457870697265645A0007656E61626C65644C000B617574686F72697469657371007E00244C000870617373776F726471007E000E4C0008757365726E616D6571007E000E7870010101017371007E0030737200116A6176612E7574696C2E54726565536574DD9850EFBFBDEFBFBDEFBFBD5B0300007870737200466F72672E737072696E676672616D65776F726B2E73656375726974792E636F72652E7573657264657461696C732E5573657224417574686F72697479436F6D70617261746F7200000000000001EFBFBD020000787077040000000971007E000F71007E001171007E001371007E001571007E001771007E001971007E001B71007E001D71007E001F787074000561646D696E);

-- ----------------------------
-- Table structure for sjht_entrance_application_info
-- ----------------------------
DROP TABLE IF EXISTS `sjht_entrance_application_info`;
CREATE TABLE `sjht_entrance_application_info`  (
  `id` bigint(20) NOT NULL COMMENT '主键',
  `user_id` bigint(20) NOT NULL COMMENT '申请用户的id',
  `title` varchar(32) CHARACTER SET utf8mb4 COLLATE utf8mb4_german2_ci NULL DEFAULT NULL COMMENT '申请标题：某某小孩的入学申请',
  `status` tinyint(1) NOT NULL DEFAULT 1 COMMENT '状态：1-草稿、2-待审核、3-审核不通过、4-审核通过、5-完成',
  `type` tinyint(1) NULL DEFAULT NULL COMMENT '申请类型：1-入学、2-转学',
  `deletec` tinyint(1) NOT NULL DEFAULT 0 COMMENT '是否删除0-false，1-true（默认为0）',
  `create_time` datetime(0) NULL DEFAULT CURRENT_TIMESTAMP(0) COMMENT '时间（默认为CURRENT_TIMESTAMP）',
  `update_time` datetime(0) NULL DEFAULT CURRENT_TIMESTAMP(0) COMMENT '时间（默认为CURRENT_TIMESTAMP）',
  `remark` varchar(255) CHARACTER SET utf8mb4 COLLATE utf8mb4_german2_ci NULL DEFAULT NULL COMMENT '备注',
  PRIMARY KEY (`id`) USING BTREE
) ENGINE = InnoDB CHARACTER SET = utf8mb4 COLLATE = utf8mb4_german2_ci ROW_FORMAT = Compact;

-- ----------------------------
-- Records of sjht_entrance_application_info
-- ----------------------------
INSERT INTO `sjht_entrance_application_info` VALUES (1240474783135453185, 1254954305637502978, 'funny入学审核', 1, 1, 0, '2020-03-19 11:06:49', '2020-03-19 11:12:19', NULL);
INSERT INTO `sjht_entrance_application_info` VALUES (1240522232877187073, 1254954305637502978, 'damon入学审核', 1, 1, 0, '2020-03-19 14:15:22', '2020-03-19 14:17:50', NULL);
INSERT INTO `sjht_entrance_application_info` VALUES (1240887439101145089, 1254954305637502978, '测试入学审核', 2, 1, 0, '2020-03-20 14:26:34', '2020-04-26 11:54:53', NULL);
INSERT INTO `sjht_entrance_application_info` VALUES (1247439674903805953, 1254954305637502978, '工藤新一入学审核', 2, 1, 0, '2020-04-07 16:22:49', '2020-04-07 17:28:47', NULL);
INSERT INTO `sjht_entrance_application_info` VALUES (1254252813804806145, 1254954305637502978, '转学测试转学审核', 2, 2, 0, '2020-04-26 11:35:48', '2020-04-26 13:01:58', NULL);

-- ----------------------------
-- Table structure for sjht_entrance_audit_log
-- ----------------------------
DROP TABLE IF EXISTS `sjht_entrance_audit_log`;
CREATE TABLE `sjht_entrance_audit_log`  (
  `id` bigint(20) NOT NULL COMMENT '主键',
  `appli_id` bigint(20) NOT NULL COMMENT '申请id',
  `content` varchar(255) CHARACTER SET utf8mb4 COLLATE utf8mb4_german2_ci NOT NULL COMMENT '内容',
  `status` tinyint(1) NOT NULL COMMENT '状态：1-草稿、2-待审核、3-审核不通过、4-审核通过、5-完成',
  `deletec` tinyint(1) NULL DEFAULT 0 COMMENT '是否删除0-false，1-true（默认为0）',
  `create_time` datetime(0) NULL DEFAULT CURRENT_TIMESTAMP(0) COMMENT '时间（默认为CURRENT_TIMESTAMP）',
  `update_time` datetime(0) NULL DEFAULT CURRENT_TIMESTAMP(0) COMMENT '时间（默认为CURRENT_TIMESTAMP）',
  `remark` varchar(255) CHARACTER SET utf8mb4 COLLATE utf8mb4_german2_ci NULL DEFAULT NULL COMMENT '备注',
  PRIMARY KEY (`id`) USING BTREE
) ENGINE = InnoDB CHARACTER SET = utf8mb4 COLLATE = utf8mb4_german2_ci ROW_FORMAT = Compact;

-- ----------------------------
-- Table structure for sjht_entrance_base_info
-- ----------------------------
DROP TABLE IF EXISTS `sjht_entrance_base_info`;
CREATE TABLE `sjht_entrance_base_info`  (
  `id` bigint(20) NOT NULL COMMENT '主键',
  `appli_id` bigint(20) NOT NULL COMMENT '申请id',
  `child_name` varchar(16) CHARACTER SET utf8mb4 COLLATE utf8mb4_german2_ci NOT NULL COMMENT '入学人姓名',
  `child_sex` tinyint(1) NOT NULL DEFAULT 1 COMMENT '入学人性别：1-男、2-女、默认为1',
  `id_card` varchar(18) CHARACTER SET utf8mb4 COLLATE utf8mb4_german2_ci NOT NULL COMMENT '入学人身份证号码',
  `child_head_file_id` varchar(128) CHARACTER SET utf8mb4 COLLATE utf8mb4_german2_ci NULL DEFAULT NULL COMMENT '入学人两寸头像文件id',
  `master_name` varchar(16) CHARACTER SET utf8mb4 COLLATE utf8mb4_german2_ci NOT NULL COMMENT '户主姓名',
  `relation` tinyint(1) NOT NULL COMMENT '入学人与户主关系：',
  `tell` varchar(11) CHARACTER SET utf8mb4 COLLATE utf8mb4_german2_ci NOT NULL COMMENT '户主电话',
  `address` varchar(255) CHARACTER SET utf8mb4 COLLATE utf8mb4_german2_ci NOT NULL COMMENT '户口详细地址',
  `master_file_id` varchar(128) CHARACTER SET utf8mb4 COLLATE utf8mb4_german2_ci NOT NULL COMMENT '户口户主页文件id',
  `master_info_file_id` varchar(128) CHARACTER SET utf8mb4 COLLATE utf8mb4_german2_ci NOT NULL COMMENT '户口户主信息页文件id',
  `child_info_file_id` varchar(128) CHARACTER SET utf8mb4 COLLATE utf8mb4_german2_ci NOT NULL COMMENT '户口入学人信息页文件id',
  `modify_file_id` varchar(128) CHARACTER SET utf8mb4 COLLATE utf8mb4_german2_ci NOT NULL COMMENT '户口增减页文件id',
  `status` tinyint(1) NOT NULL DEFAULT 1 COMMENT '状态：1-草稿、2-待审核、3-审核不通过、4-审核通过、5-完成',
  `deletec` tinyint(1) NOT NULL DEFAULT 0 COMMENT '是否删除0-false，1-true（默认为0）',
  `create_time` datetime(0) NOT NULL DEFAULT CURRENT_TIMESTAMP(0) COMMENT '时间（默认为CURRENT_TIMESTAMP）',
  `update_time` datetime(0) NOT NULL DEFAULT CURRENT_TIMESTAMP(0) COMMENT '时间（默认为CURRENT_TIMESTAMP）',
  `remark` varchar(255) CHARACTER SET utf8mb4 COLLATE utf8mb4_german2_ci NULL DEFAULT NULL COMMENT '备注',
  PRIMARY KEY (`id`) USING BTREE
) ENGINE = InnoDB CHARACTER SET = utf8mb4 COLLATE = utf8mb4_german2_ci ROW_FORMAT = Compact;

-- ----------------------------
-- Records of sjht_entrance_base_info
-- ----------------------------
INSERT INTO `sjht_entrance_base_info` VALUES (1240919462591283201, 1240918891444518914, 'yy', 1, '548446464646461313', 'group2/M00/00/01/rE5orV50ibCAYSC9AABuV-mil-o55.jpeg', 'haha', 1, '44687979797', 'cad', 'group2/M00/00/01/rE5oqV50gGGASn0fAABbLri-wjI843.jpg', 'group2/M00/00/01/rE5orV50gFmAHprdAABuV-mil-o28.jpeg', 'group2/M00/00/01/rE5oqV50gGiAHaHNAALFQ4yVuPA45.jpeg', 'group2/M00/00/01/rE5orV50gGGAfuHmAABuV-mil-o70.jpeg', 1, 0, '2020-03-20 16:33:49', '2020-03-20 17:12:54', NULL);
INSERT INTO `sjht_entrance_base_info` VALUES (1247440451466608642, 1247439674903805953, '工藤新一', 1, '548879797844448897', 'group2/M00/00/01/rE5oqV6MOLaAEFc3AABuV-mil-o17.jpeg', 'xy', 3, '13877778888', 'ceshi', 'group2/M00/00/01/rE5orV6MORmAOWDmAABbLri-wjI873.jpg', 'group2/M00/00/01/rE5oqV6MOSOAIelzAABuV-mil-o29.jpeg', 'group2/M00/00/01/rE5orV6MOSuAUlhPAALFQ4yVuPA19.jpeg', 'group2/M00/00/01/rE5oqV6MOTKAPdE8AABuV-mil-o76.jpeg', 1, 0, '2020-04-07 16:25:54', '2020-04-07 16:25:54', NULL);
INSERT INTO `sjht_entrance_base_info` VALUES (1254253615546015746, 1254252813804806145, '转学测试', 2, '512930111144445544', 'group1/M00/00/00/rE5op16lAhCAX-GfAABbLri-wjI004.jpg', '转学父亲', 7, '13577778888', '转学测试地址', 'group1/M00/00/00/rE5oqF6lAqaAS25PAABbLri-wjI474.jpg', 'group1/M00/00/00/rE5op16lApyAMkQ1AABuV-mil-o44.jpeg', 'group1/M00/00/00/rE5oqF6lAr-AW2k4AALFQ4yVuPA98.jpeg', 'group1/M00/00/00/rE5op16lAq2ATemXAABuV-mil-o54.jpeg', 2, 0, '2020-04-26 11:38:59', '2020-04-26 13:01:58', NULL);

-- ----------------------------
-- Table structure for sjht_entrance_counterpart_region
-- ----------------------------
DROP TABLE IF EXISTS `sjht_entrance_counterpart_region`;
CREATE TABLE `sjht_entrance_counterpart_region`  (
  `id` bigint(20) NOT NULL COMMENT '主键',
  `name` varchar(512) CHARACTER SET utf8mb4 COLLATE utf8mb4_german2_ci NOT NULL COMMENT '名称',
  `parent_id` bigint(20) NULL DEFAULT 0 COMMENT '父id',
  `type` tinyint(1) NULL DEFAULT 1 COMMENT '1-小区，2-地址',
  `deletec` tinyint(1) NULL DEFAULT 0 COMMENT '是否删除0-未删除，1-删除（默认为0）',
  `create_time` datetime(0) NULL DEFAULT CURRENT_TIMESTAMP(0) COMMENT '时间（默认为CURRENT_TIMESTAMP）',
  `update_time` datetime(0) NULL DEFAULT CURRENT_TIMESTAMP(0) COMMENT '时间（默认为CURRENT_TIMESTAMP）',
  `remark` varchar(255) CHARACTER SET utf8mb4 COLLATE utf8mb4_german2_ci NULL DEFAULT NULL COMMENT '备注',
  PRIMARY KEY (`id`) USING BTREE
) ENGINE = InnoDB CHARACTER SET = utf8mb4 COLLATE = utf8mb4_german2_ci ROW_FORMAT = Compact;

-- ----------------------------
-- Records of sjht_entrance_counterpart_region
-- ----------------------------
INSERT INTO `sjht_entrance_counterpart_region` VALUES (1215123164070215681, '江南小区', 0, 1, 0, '2020-01-09 12:08:32', '2020-01-09 13:50:54', '小区');
INSERT INTO `sjht_entrance_counterpart_region` VALUES (1215123199721799682, '中交漫山', 0, 1, 0, '2020-01-09 12:08:41', '2020-01-09 12:08:41', '');
INSERT INTO `sjht_entrance_counterpart_region` VALUES (1215123235864117249, '重庆市南岸区玉马路9号', 1215123164070215681, 2, 0, '2020-01-09 12:08:49', '2020-01-09 13:50:15', '地址');

-- ----------------------------
-- Table structure for sjht_entrance_house_info
-- ----------------------------
DROP TABLE IF EXISTS `sjht_entrance_house_info`;
CREATE TABLE `sjht_entrance_house_info`  (
  `id` bigint(20) NOT NULL COMMENT '主键',
  `appli_id` bigint(20) NOT NULL COMMENT '入学申请id',
  `community_id` bigint(20) NOT NULL COMMENT '小区id',
  `street_id` bigint(20) NOT NULL COMMENT '街道id',
  `address` varchar(526) CHARACTER SET utf8mb4 COLLATE utf8mb4_german2_ci NOT NULL COMMENT '小区详细地址：房产证上的地址',
  `in_time` datetime(0) NOT NULL COMMENT '入住日期：年月日',
  `type` tinyint(1) NOT NULL DEFAULT 1 COMMENT '类型：1-有房产证、2-没有房产证（默认为1）',
  `status` tinyint(1) NOT NULL COMMENT '状态：1-草稿、2-待审核、3-审核不通过、4-审核通过、5-完成',
  `is_multi` tinyint(1) NULL DEFAULT 1 COMMENT '是否是多人：1-单人、2-多人',
  `deletec` tinyint(1) NOT NULL DEFAULT 0 COMMENT '是否删除0-false，1-true（默认为0）',
  `create_time` datetime(0) NOT NULL DEFAULT CURRENT_TIMESTAMP(0) COMMENT '时间（默认为CURRENT_TIMESTAMP）',
  `update_time` datetime(0) NOT NULL DEFAULT CURRENT_TIMESTAMP(0) COMMENT '时间（默认为CURRENT_TIMESTAMP）',
  `remark` varchar(255) CHARACTER SET utf8mb4 COLLATE utf8mb4_german2_ci NULL DEFAULT NULL COMMENT '备注',
  PRIMARY KEY (`id`) USING BTREE
) ENGINE = InnoDB CHARACTER SET = utf8mb4 COLLATE = utf8mb4_german2_ci ROW_FORMAT = Compact;

-- ----------------------------
-- Records of sjht_entrance_house_info
-- ----------------------------
INSERT INTO `sjht_entrance_house_info` VALUES (1240201259584077826, 11111111, 1111111, 0, '1111', '2020-03-18 00:00:00', 0, 1, 0, 0, '2020-03-18 16:59:56', '2020-03-18 17:20:05', NULL);
INSERT INTO `sjht_entrance_house_info` VALUES (1240483127397130242, 1240474783135453185, 1215123164070215681, 0, 'ceshi', '2017-03-19 00:00:00', 1, 1, 0, 0, '2020-03-19 11:39:59', '2020-03-19 11:39:59', NULL);
INSERT INTO `sjht_entrance_house_info` VALUES (1240523205850857473, 1240522232877187073, 1215123199721799682, 0, 'ceshi2', '2018-03-19 00:00:00', 2, 1, 1, 0, '2020-03-19 14:19:14', '2020-03-19 14:19:14', NULL);
INSERT INTO `sjht_entrance_house_info` VALUES (1240888156041916417, 1240887439101145089, 1215123199721799682, 0, '测试', '2018-03-20 00:00:00', 1, 1, 2, 0, '2020-03-20 14:29:25', '2020-03-20 14:29:25', NULL);
INSERT INTO `sjht_entrance_house_info` VALUES (1240933092657397761, 1240918891444518914, 1215123164070215681, 0, 'hahah', '2018-03-20 00:00:00', 2, 1, 1, 0, '2020-03-20 17:27:59', '2020-03-20 17:27:59', NULL);
INSERT INTO `sjht_entrance_house_info` VALUES (1247441777307074562, 1247439674903805953, 1215123164070215681, 0, 'ceshi', '2018-04-07 00:00:00', 1, 1, 1, 0, '2020-04-07 16:31:10', '2020-04-07 16:31:10', NULL);
INSERT INTO `sjht_entrance_house_info` VALUES (1254253803840905218, 1254252813804806145, 1215123199721799682, 0, '测试地址', '2017-04-26 00:00:00', 1, 2, 1, 0, '2020-04-26 11:39:44', '2020-04-26 13:01:58', NULL);

-- ----------------------------
-- Table structure for sjht_entrance_house_info_file
-- ----------------------------
DROP TABLE IF EXISTS `sjht_entrance_house_info_file`;
CREATE TABLE `sjht_entrance_house_info_file`  (
  `id` bigint(20) NOT NULL COMMENT '主键',
  `house_id` bigint(20) NOT NULL COMMENT '房产id',
  `file_id` varchar(128) CHARACTER SET utf8mb4 COLLATE utf8mb4_german2_ci NOT NULL COMMENT '文件id',
  `type` tinyint(1) NOT NULL COMMENT '类型：1-房产证、2-没有房产证、3-结婚证、4-出生证明',
  `sub_type` tinyint(1) NULL DEFAULT 8 COMMENT '子类型：5-购房合同、6-贷款抵押合同、7-房屋登记证明、8-其他（在type=2时使用）',
  `child_type` tinyint(1) NULL DEFAULT 0 COMMENT 'sub_type=5的类型：1-封面、2-甲乙双反页面、3-坐落地址、4-结房日、5合同鲜页、6-签字页',
  `sort_num` int(4) NOT NULL COMMENT '排序',
  `deletec` tinyint(1) NOT NULL DEFAULT 0 COMMENT '是否删除0-false，1-true（默认为0）',
  `create_time` datetime(0) NULL DEFAULT CURRENT_TIMESTAMP(0) COMMENT '时间（默认为CURRENT_TIMESTAMP）',
  `update_time` datetime(0) NULL DEFAULT CURRENT_TIMESTAMP(0) COMMENT '时间（默认为CURRENT_TIMESTAMP）',
  `remark` varchar(255) CHARACTER SET utf8mb4 COLLATE utf8mb4_german2_ci NULL DEFAULT NULL COMMENT '备注',
  PRIMARY KEY (`id`) USING BTREE
) ENGINE = InnoDB CHARACTER SET = utf8mb4 COLLATE = utf8mb4_german2_ci ROW_FORMAT = Compact;

-- ----------------------------
-- Records of sjht_entrance_house_info_file
-- ----------------------------
INSERT INTO `sjht_entrance_house_info_file` VALUES (1240201259592466433, 1240201259584077826, '11111', 1, 1, 0, 1, 0, '2020-03-18 16:59:56', '2020-03-18 16:59:56', NULL);
INSERT INTO `sjht_entrance_house_info_file` VALUES (1240201923739545602, 1240201259584077826, 'string', 0, 0, 0, 0, 0, '2020-03-18 17:02:35', '2020-03-18 17:02:35', NULL);
INSERT INTO `sjht_entrance_house_info_file` VALUES (1240483127472627714, 1240483127397130242, 'group2/M00/00/01/rE5orV5y6LCAJ378AABuV-mil-o97.jpeg', 1, 8, 0, 0, 0, '2020-03-19 11:39:59', '2020-03-19 11:39:59', NULL);
INSERT INTO `sjht_entrance_house_info_file` VALUES (1240483127598456834, 1240483127397130242, 'group2/M00/00/01/rE5orV5y6LCAJ378AABuV-mil-o97.jpeg', 4, 8, 0, 0, 0, '2020-03-19 11:39:59', '2020-03-19 11:39:59', NULL);
INSERT INTO `sjht_entrance_house_info_file` VALUES (1240523205880217601, 1240523205850857473, 'group2/M00/00/01/rE5oqV5zD06ACmhSAABbLri-wjI389.jpg', 2, 5, 1, 0, 0, '2020-03-19 14:19:14', '2020-03-19 14:19:14', NULL);
INSERT INTO `sjht_entrance_house_info_file` VALUES (1240523205901189122, 1240523205850857473, 'group2/M00/00/01/rE5orV5zD0eAeKUIAABuV-mil-o79.jpeg', 2, 5, 2, 0, 0, '2020-03-19 14:19:14', '2020-03-19 14:19:14', NULL);
INSERT INTO `sjht_entrance_house_info_file` VALUES (1240523205901189123, 1240523205850857473, 'group2/M00/00/01/rE5oqV5zD1eAS7fJAABuV-mil-o38.jpeg', 2, 5, 3, 0, 0, '2020-03-19 14:19:14', '2020-03-19 14:19:14', NULL);
INSERT INTO `sjht_entrance_house_info_file` VALUES (1240523205905383426, 1240523205850857473, 'group2/M00/00/01/rE5orV5zD0-AdWJvAABbLri-wjI229.jpg', 2, 5, 4, 0, 0, '2020-03-19 14:19:14', '2020-03-19 14:19:14', NULL);
INSERT INTO `sjht_entrance_house_info_file` VALUES (1240523205913772033, 1240523205850857473, 'group2/M00/00/01/rE5oqV5zD1-ANH9yAALFQ4yVuPA91.jpeg', 2, 5, 5, 0, 0, '2020-03-19 14:19:14', '2020-03-19 14:19:14', NULL);
INSERT INTO `sjht_entrance_house_info_file` VALUES (1240523205922160641, 1240523205850857473, 'group2/M00/00/01/rE5orV5zD1iAGYosAABbLri-wjI864.jpg', 2, 5, 6, 0, 0, '2020-03-19 14:19:14', '2020-03-19 14:19:14', NULL);
INSERT INTO `sjht_entrance_house_info_file` VALUES (1240523205930549250, 1240523205850857473, 'group2/M00/00/01/rE5oqV5zD2eARd39AABuV-mil-o40.jpeg', 2, 6, 0, 0, 0, '2020-03-19 14:19:14', '2020-03-19 14:19:14', NULL);
INSERT INTO `sjht_entrance_house_info_file` VALUES (1240523205938937857, 1240523205850857473, 'group2/M00/00/01/rE5oqV5zD3GAQ7hSAALFQ4yVuPA27.jpeg', 2, 7, 0, 0, 0, '2020-03-19 14:19:14', '2020-03-19 14:19:14', NULL);
INSERT INTO `sjht_entrance_house_info_file` VALUES (1240523205938937858, 1240523205850857473, 'group2/M00/00/01/rE5orV5zD3iAEoqaAABbLri-wjI195.jpg', 4, 8, 0, 0, 0, '2020-03-19 14:19:14', '2020-03-19 14:19:14', NULL);
INSERT INTO `sjht_entrance_house_info_file` VALUES (1240888156067082242, 1240888156041916417, 'group2/M00/00/01/rE5orV50YyWAVeIzAABbLri-wjI550.jpg', 1, 8, 0, 0, 0, '2020-03-20 14:29:25', '2020-03-20 14:29:25', NULL);
INSERT INTO `sjht_entrance_house_info_file` VALUES (1240888156083859458, 1240888156041916417, 'group2/M00/00/01/rE5oqV50YzSACUGrAABuV-mil-o01.jpeg', 1, 8, 0, 0, 0, '2020-03-20 14:29:25', '2020-03-20 14:29:25', NULL);
INSERT INTO `sjht_entrance_house_info_file` VALUES (1240888156092248066, 1240888156041916417, 'group2/M00/00/01/rE5orV50YyyAIh_tAALFQ4yVuPA27.jpeg', 1, 8, 0, 0, 0, '2020-03-20 14:29:25', '2020-03-20 14:29:25', NULL);
INSERT INTO `sjht_entrance_house_info_file` VALUES (1240888156100636674, 1240888156041916417, 'group2/M00/00/01/rE5orV50Y1iAY1EZAABbLri-wjI829.jpg', 3, 8, 0, 0, 0, '2020-03-20 14:29:25', '2020-03-20 14:29:25', NULL);
INSERT INTO `sjht_entrance_house_info_file` VALUES (1240888156100636675, 1240888156041916417, 'group2/M00/00/01/rE5oqV50Y2eACRS1AABuV-mil-o30.jpeg', 3, 8, 0, 0, 0, '2020-03-20 14:29:25', '2020-03-20 14:29:25', NULL);
INSERT INTO `sjht_entrance_house_info_file` VALUES (1240888156109025282, 1240888156041916417, 'group2/M00/00/01/rE5orV50Y1-AMm36AALFQ4yVuPA00.jpeg', 4, 8, 0, 0, 0, '2020-03-20 14:29:25', '2020-03-20 14:29:25', NULL);
INSERT INTO `sjht_entrance_house_info_file` VALUES (1240933092678369281, 1240933092657397761, 'group2/M00/00/01/rE5oqV50jQeAHzvoAABuV-mil-o19.jpeg', 2, 5, 1, 0, 0, '2020-03-20 17:27:59', '2020-03-20 17:27:59', NULL);
INSERT INTO `sjht_entrance_house_info_file` VALUES (1240933092686757890, 1240933092657397761, 'group2/M00/00/01/rE5orV50jP6ACKyJAABbLri-wjI743.jpg', 2, 5, 2, 0, 0, '2020-03-20 17:27:59', '2020-03-20 17:27:59', NULL);
INSERT INTO `sjht_entrance_house_info_file` VALUES (1240933092695146498, 1240933092657397761, 'group2/M00/00/01/rE5oqV50jQ-ALXGeAALFQ4yVuPA54.jpeg', 2, 5, 3, 0, 0, '2020-03-20 17:27:59', '2020-03-20 17:27:59', NULL);
INSERT INTO `sjht_entrance_house_info_file` VALUES (1240933092703535106, 1240933092657397761, 'group2/M00/00/01/rE5orV50jQiAfyOjAABbLri-wjI627.jpg', 2, 5, 4, 0, 0, '2020-03-20 17:27:59', '2020-03-20 17:27:59', NULL);
INSERT INTO `sjht_entrance_house_info_file` VALUES (1240933092703535107, 1240933092657397761, 'group2/M00/00/01/rE5oqV50jReAIoKOAABuV-mil-o72.jpeg', 2, 5, 5, 0, 0, '2020-03-20 17:27:59', '2020-03-20 17:27:59', NULL);
INSERT INTO `sjht_entrance_house_info_file` VALUES (1240933092711923713, 1240933092657397761, 'group2/M00/00/01/rE5orV50jQ-AJdreAALFQ4yVuPA39.jpeg', 2, 5, 6, 0, 0, '2020-03-20 17:27:59', '2020-03-20 17:27:59', NULL);
INSERT INTO `sjht_entrance_house_info_file` VALUES (1240933092720312322, 1240933092657397761, 'group2/M00/00/01/rE5oqV50jSSASAP7AABbLri-wjI314.jpg', 2, 6, 0, 0, 0, '2020-03-20 17:27:59', '2020-03-20 17:27:59', NULL);
INSERT INTO `sjht_entrance_house_info_file` VALUES (1240933092728700930, 1240933092657397761, 'group2/M00/00/01/rE5orV50jRyAAt6eAABuV-mil-o24.jpeg', 2, 6, 0, 0, 0, '2020-03-20 17:27:59', '2020-03-20 17:27:59', NULL);
INSERT INTO `sjht_entrance_house_info_file` VALUES (1240933092728700931, 1240933092657397761, 'group2/M00/00/01/rE5oqV50jS2AZOgQAABuV-mil-o89.jpeg', 2, 7, 0, 0, 0, '2020-03-20 17:27:59', '2020-03-20 17:27:59', NULL);
INSERT INTO `sjht_entrance_house_info_file` VALUES (1240933092728700932, 1240933092657397761, 'group2/M00/00/01/rE5orV50jS2AX1w5AALFQ4yVuPA99.jpeg', 4, 8, 0, 0, 0, '2020-03-20 17:27:59', '2020-03-20 17:27:59', NULL);
INSERT INTO `sjht_entrance_house_info_file` VALUES (1247441777655201793, 1247441777307074562, 'group2/M00/00/01/rE5oqV6MOkGAfwXJAABbLri-wjI374.jpg', 1, 8, 0, 0, 0, '2020-04-07 16:31:10', '2020-04-07 16:31:10', NULL);
INSERT INTO `sjht_entrance_house_info_file` VALUES (1247441777671979009, 1247441777307074562, 'group2/M00/00/01/rE5orV6MOkaARS0vAABuV-mil-o35.jpeg', 1, 8, 0, 0, 0, '2020-04-07 16:31:10', '2020-04-07 16:31:10', NULL);
INSERT INTO `sjht_entrance_house_info_file` VALUES (1247441777680367617, 1247441777307074562, 'group2/M00/00/01/rE5oqV6MOliACMCmAABuV-mil-o97.jpeg', 4, 8, 0, 0, 0, '2020-04-07 16:31:10', '2020-04-07 16:31:10', NULL);
INSERT INTO `sjht_entrance_house_info_file` VALUES (1254253803882848258, 1254253803840905218, 'group1/M00/00/00/rE5oqF6lAuKAPETZAABuV-mil-o20.jpeg', 1, 8, 0, 0, 0, '2020-04-26 11:39:44', '2020-04-26 11:39:44', NULL);
INSERT INTO `sjht_entrance_house_info_file` VALUES (1254253803916402689, 1254253803840905218, 'group1/M00/00/00/rE5op16lAtCAKurHAABbLri-wjI818.jpg', 1, 8, 0, 0, 0, '2020-04-26 11:39:44', '2020-04-26 11:39:44', NULL);
INSERT INTO `sjht_entrance_house_info_file` VALUES (1254253803924791298, 1254253803840905218, 'group1/M00/00/00/rE5oqF6lAvKAWJ_tAALFQ4yVuPA31.jpeg', 4, 8, 0, 0, 0, '2020-04-26 11:39:44', '2020-04-26 11:39:44', NULL);

-- ----------------------------
-- Table structure for sjht_entrance_house_people_info
-- ----------------------------
DROP TABLE IF EXISTS `sjht_entrance_house_people_info`;
CREATE TABLE `sjht_entrance_house_people_info`  (
  `id` bigint(20) NOT NULL COMMENT '主键',
  `house_id` bigint(20) NOT NULL COMMENT '房产id',
  `name` varchar(16) CHARACTER SET utf8mb4 COLLATE utf8mb4_german2_ci NOT NULL COMMENT '姓名',
  `relation` varchar(1) CHARACTER SET utf8mb4 COLLATE utf8mb4_german2_ci NOT NULL COMMENT '关系：1-父亲关系、2-母亲、3-其他',
  `deletec` tinyint(1) NOT NULL DEFAULT 0 COMMENT '是否删除0-false，1-true（默认为0）',
  `create_time` datetime(0) NULL DEFAULT CURRENT_TIMESTAMP(0) COMMENT '时间（默认为CURRENT_TIMESTAMP）',
  `update_time` datetime(0) NULL DEFAULT CURRENT_TIMESTAMP(0) COMMENT '时间（默认为CURRENT_TIMESTAMP）',
  `remark` varchar(255) CHARACTER SET utf8mb4 COLLATE utf8mb4_german2_ci NULL DEFAULT NULL COMMENT '备注',
  PRIMARY KEY (`id`) USING BTREE
) ENGINE = InnoDB CHARACTER SET = utf8mb4 COLLATE = utf8mb4_german2_ci ROW_FORMAT = Compact;

-- ----------------------------
-- Records of sjht_entrance_house_people_info
-- ----------------------------
INSERT INTO `sjht_entrance_house_people_info` VALUES (1240483127673954305, 1240483127397130242, 'string', '5', 0, '2020-03-19 11:39:59', '2020-03-19 11:39:59', NULL);
INSERT INTO `sjht_entrance_house_people_info` VALUES (1240523205947326466, 1240523205850857473, 'Funny', '2', 0, '2020-03-19 14:19:14', '2020-03-19 14:19:14', NULL);
INSERT INTO `sjht_entrance_house_people_info` VALUES (1240888156117413889, 1240888156041916417, '测试', '1', 0, '2020-03-20 14:29:25', '2020-03-20 14:29:25', NULL);
INSERT INTO `sjht_entrance_house_people_info` VALUES (1240933092737089538, 1240933092657397761, 'damo', '1', 0, '2020-03-20 17:27:59', '2020-03-20 17:27:59', NULL);
INSERT INTO `sjht_entrance_house_people_info` VALUES (1247441777688756225, 1247441777307074562, 'ce', '1', 0, '2020-04-07 16:31:10', '2020-04-07 16:31:10', NULL);
INSERT INTO `sjht_entrance_house_people_info` VALUES (1254253803933179906, 1254253803840905218, '测试父亲', '1', 0, '2020-04-26 11:39:44', '2020-04-26 11:39:44', NULL);

-- ----------------------------
-- Table structure for sjht_entrance_parents_info
-- ----------------------------
DROP TABLE IF EXISTS `sjht_entrance_parents_info`;
CREATE TABLE `sjht_entrance_parents_info`  (
  `id` bigint(20) NOT NULL COMMENT '主键',
  `relations` tinyint(1) NULL DEFAULT NULL COMMENT '与孩子的关系1父亲2母亲3爷爷4奶奶5外公6外婆7其他',
  `user_id` bigint(20) NOT NULL COMMENT '用户id',
  `name` varchar(25) CHARACTER SET utf8mb4 COLLATE utf8mb4_german2_ci NULL DEFAULT NULL COMMENT '姓名',
  `work_units` varchar(64) CHARACTER SET utf8mb4 COLLATE utf8mb4_german2_ci NULL DEFAULT NULL COMMENT '工作单位',
  `dep` varchar(64) CHARACTER SET utf8mb4 COLLATE utf8mb4_german2_ci NULL DEFAULT NULL COMMENT '所属部门',
  `work_units_tell` varchar(11) CHARACTER SET utf8mb4 COLLATE utf8mb4_german2_ci NULL DEFAULT NULL COMMENT '工作单位电话',
  `tell` varchar(11) CHARACTER SET utf8mb4 COLLATE utf8mb4_german2_ci NULL DEFAULT NULL COMMENT '联系电话',
  `deletec` tinyint(1) NULL DEFAULT 0 COMMENT '是否删除0-未删除，1-删除（默认为0）',
  `create_time` datetime(0) NULL DEFAULT CURRENT_TIMESTAMP(0) COMMENT '时间（默认为CURRENT_TIMESTAMP）',
  `update_time` datetime(0) NULL DEFAULT CURRENT_TIMESTAMP(0) COMMENT '时间（默认为CURRENT_TIMESTAMP）',
  `remark` varchar(512) CHARACTER SET utf8mb4 COLLATE utf8mb4_german2_ci NULL DEFAULT NULL COMMENT '备注',
  PRIMARY KEY (`id`) USING BTREE
) ENGINE = InnoDB CHARACTER SET = utf8mb4 COLLATE = utf8mb4_german2_ci ROW_FORMAT = Compact;

-- ----------------------------
-- Records of sjht_entrance_parents_info
-- ----------------------------
INSERT INTO `sjht_entrance_parents_info` VALUES (1245284195427614721, 1, 110, 'zhangchi', '1', '1', '1234567', '1', 0, '2020-04-01 17:37:43', '2020-04-01 17:37:43', NULL);
INSERT INTO `sjht_entrance_parents_info` VALUES (1245621409181237249, 1, 123, 'string', 'string', 'string', 'string', '123456', 0, '2020-04-02 15:57:41', '2020-04-02 15:57:41', NULL);
INSERT INTO `sjht_entrance_parents_info` VALUES (1245621409206403073, 2, 456, 'string', 'string', 'string', 'string', '123456', 0, '2020-04-02 15:57:41', '2020-04-02 15:57:41', NULL);
INSERT INTO `sjht_entrance_parents_info` VALUES (1247439348704395265, 7, 99999, 'ceshi3333', '11', '333', '12334432', '11111', 0, '2020-04-07 16:21:34', '2020-04-07 16:41:53', NULL);
INSERT INTO `sjht_entrance_parents_info` VALUES (1247444472461967361, 7, 797979, '塞尔达天下第一', '11', '333', '12334432', '11111', 0, '2020-04-07 16:41:53', '2020-04-07 16:41:53', NULL);
INSERT INTO `sjht_entrance_parents_info` VALUES (1254662375355674625, 1, 123456789, '父上', '', '', '', '12345', 0, '2020-04-27 14:43:15', '2020-04-27 14:43:15', NULL);
INSERT INTO `sjht_entrance_parents_info` VALUES (1254662375447949313, 2, 123456789, '母上', '', '', '', '', 0, '2020-04-27 14:43:15', '2020-04-27 14:43:15', NULL);
INSERT INTO `sjht_entrance_parents_info` VALUES (1254662375456337921, 3, 123456789, '主上', '', '', '', '', 0, '2020-04-27 14:43:15', '2020-04-27 14:43:15', NULL);
INSERT INTO `sjht_entrance_parents_info` VALUES (1254663857241026561, 1, 1211566991777726466, 'fa', '', '', '', '13688889999', 0, '2020-04-27 14:49:08', '2020-04-27 14:49:08', NULL);
INSERT INTO `sjht_entrance_parents_info` VALUES (1254663857249415169, 3, 1211566991777726466, 'gf', NULL, NULL, NULL, '13344447777', 0, '2020-04-27 14:49:08', '2020-04-27 14:49:08', NULL);
INSERT INTO `sjht_entrance_parents_info` VALUES (1254663857249415170, 4, 1211566991777726466, 'gm', NULL, NULL, NULL, '13688887777', 0, '2020-04-27 14:49:08', '2020-04-27 14:49:08', NULL);

-- ----------------------------
-- Table structure for sjht_entrance_prevention
-- ----------------------------
DROP TABLE IF EXISTS `sjht_entrance_prevention`;
CREATE TABLE `sjht_entrance_prevention`  (
  `id` bigint(20) NOT NULL,
  `appli_id` bigint(20) NOT NULL COMMENT '申请id',
  `status` tinyint(1) NOT NULL DEFAULT 1 COMMENT '状态：1-草稿、2-待审核、3-审核不通过、4-审核通过、5-完成',
  `deletec` tinyint(1) NULL DEFAULT 0 COMMENT '是否删除0-false，1-true（默认为0）',
  `create_time` datetime(0) NULL DEFAULT CURRENT_TIMESTAMP(0) COMMENT '时间（默认为CURRENT_TIMESTAMP）',
  `update_time` datetime(0) NULL DEFAULT CURRENT_TIMESTAMP(0) COMMENT '时间（默认为CURRENT_TIMESTAMP）',
  `remark` varchar(255) CHARACTER SET utf8mb4 COLLATE utf8mb4_german2_ci NULL DEFAULT NULL COMMENT '备注',
  PRIMARY KEY (`id`) USING BTREE
) ENGINE = InnoDB CHARACTER SET = utf8mb4 COLLATE = utf8mb4_german2_ci ROW_FORMAT = Compact;

-- ----------------------------
-- Records of sjht_entrance_prevention
-- ----------------------------
INSERT INTO `sjht_entrance_prevention` VALUES (1240244197097820161, 11111111, 3, 0, '2020-03-18 19:50:34', '2020-03-18 20:40:13', NULL);
INSERT INTO `sjht_entrance_prevention` VALUES (1240891190914461697, 1240887439101145089, 1, 0, '2020-03-20 14:41:29', '2020-03-20 14:41:29', NULL);
INSERT INTO `sjht_entrance_prevention` VALUES (1240932652234506242, 1240918891444518914, 1, 0, '2020-03-20 17:26:14', '2020-03-20 17:26:14', NULL);
INSERT INTO `sjht_entrance_prevention` VALUES (1247445995552161793, 1247439674903805953, 1, 0, '2020-04-07 16:47:56', '2020-04-07 16:47:56', NULL);
INSERT INTO `sjht_entrance_prevention` VALUES (1254253961592872961, 1254252813804806145, 2, 0, '2020-04-26 11:40:22', '2020-04-26 13:01:58', NULL);

-- ----------------------------
-- Table structure for sjht_entrance_prevention_file
-- ----------------------------
DROP TABLE IF EXISTS `sjht_entrance_prevention_file`;
CREATE TABLE `sjht_entrance_prevention_file`  (
  `id` bigint(20) NOT NULL COMMENT '主键',
  `pre_id` bigint(20) NOT NULL COMMENT '接种id',
  `type` tinyint(1) NOT NULL COMMENT '类型：1-查验证明、2-接种证明',
  `file_id` varchar(128) CHARACTER SET utf8mb4 COLLATE utf8mb4_german2_ci NOT NULL COMMENT '文件id',
  `sort_num` int(4) NOT NULL COMMENT '排序',
  `deletec` tinyint(1) NOT NULL DEFAULT 0 COMMENT '是否删除0-false，1-true（默认为0）',
  `create_time` datetime(0) NULL DEFAULT CURRENT_TIMESTAMP(0) COMMENT '时间（默认为CURRENT_TIMESTAMP）',
  `update_time` datetime(0) NULL DEFAULT CURRENT_TIMESTAMP(0) COMMENT '时间（默认为CURRENT_TIMESTAMP）',
  `remark` varchar(255) CHARACTER SET utf8mb4 COLLATE utf8mb4_german2_ci NULL DEFAULT NULL COMMENT '备注',
  PRIMARY KEY (`id`) USING BTREE
) ENGINE = InnoDB CHARACTER SET = utf8mb4 COLLATE = utf8mb4_german2_ci ROW_FORMAT = Compact;

-- ----------------------------
-- Records of sjht_entrance_prevention_file
-- ----------------------------
INSERT INTO `sjht_entrance_prevention_file` VALUES (1240244197705994241, 1240244197097820161, 1, '111111', 1, 0, '2020-03-18 19:50:34', '2020-03-18 19:50:34', NULL);
INSERT INTO `sjht_entrance_prevention_file` VALUES (1240244197726965761, 1240244197097820161, 2, '222222', 1, 0, '2020-03-18 19:50:34', '2020-03-18 19:50:34', NULL);
INSERT INTO `sjht_entrance_prevention_file` VALUES (1240260378437468162, 1240244197097820161, 0, 'string', 0, 0, '2020-03-18 20:54:51', '2020-03-18 20:54:51', NULL);
INSERT INTO `sjht_entrance_prevention_file` VALUES (1240891190939627523, 1240891190914461697, 1, 'group2/M00/00/01/rE5oqV50Zj-AZy6yAABuV-mil-o21.jpeg', 0, 0, '2020-03-20 14:41:29', '2020-03-20 14:41:29', NULL);
INSERT INTO `sjht_entrance_prevention_file` VALUES (1240900071107473409, 1240887439101145089, 2, 'group2/M00/00/01/rE5orV50blWALrPiAALFQ4yVuPA88.jpeg', 0, 0, '2020-03-20 15:16:49', '2020-03-20 15:16:49', NULL);
INSERT INTO `sjht_entrance_prevention_file` VALUES (1240900927672430594, 1240887439101145089, 2, 'group2/M00/00/01/rE5oqV50b1CAYBIqAALFQ4yVuPA74.jpeg', 0, 0, '2020-03-20 15:20:10', '2020-03-20 15:20:10', NULL);
INSERT INTO `sjht_entrance_prevention_file` VALUES (1240902050244341762, 1240887439101145089, 2, 'group2/M00/00/01/rE5oqV50cFyAbhNhAABbLri-wjI329.jpg', 0, 0, '2020-03-20 15:24:38', '2020-03-20 15:24:38', NULL);
INSERT INTO `sjht_entrance_prevention_file` VALUES (1240906086267891714, 1240887439101145089, 2, 'group2/M00/00/01/rE5orV50dBCAZ2XvAABbLri-wjI056.jpg', 0, 0, '2020-03-20 15:40:40', '2020-03-20 15:40:40', NULL);
INSERT INTO `sjht_entrance_prevention_file` VALUES (1240906726608089089, 1240891190914461697, 2, 'group2/M00/00/01/rE5oqV50dLOAC-1zAABbLri-wjI734.jpg', 0, 0, '2020-03-20 15:43:13', '2020-03-20 15:43:13', NULL);
INSERT INTO `sjht_entrance_prevention_file` VALUES (1240906726620672002, 1240891190914461697, 2, 'group2/M00/00/01/rE5orV50dKqAMl3rAABuV-mil-o34.jpeg', 0, 0, '2020-03-20 15:43:13', '2020-03-20 15:43:13', NULL);
INSERT INTO `sjht_entrance_prevention_file` VALUES (1240932652255477762, 1240932652234506242, 2, 'group2/M00/00/01/rE5oqV50jNKAXFkcAABbLri-wjI213.jpg', 0, 0, '2020-03-20 17:26:14', '2020-03-20 17:26:14', NULL);
INSERT INTO `sjht_entrance_prevention_file` VALUES (1240932652280643586, 1240932652234506242, 1, 'group2/M00/00/01/rE5orV50jMuAd7pqAABuV-mil-o56.jpeg', 0, 0, '2020-03-20 17:26:14', '2020-03-20 17:26:14', NULL);
INSERT INTO `sjht_entrance_prevention_file` VALUES (1247452976992141313, 1247445995552161793, 2, 'group2/M00/00/01/rE5oqV6MRNCANrBOAABuV-mil-o28.jpeg', 0, 0, '2020-04-07 17:15:40', '2020-04-07 17:15:40', NULL);
INSERT INTO `sjht_entrance_prevention_file` VALUES (1247452976996335617, 1247445995552161793, 2, 'group2/M00/00/01/rE5orV6MRNGAJk8sAABuV-mil-o00.jpeg', 0, 0, '2020-04-07 17:15:40', '2020-04-07 17:15:40', NULL);
INSERT INTO `sjht_entrance_prevention_file` VALUES (1247452977008918530, 1247445995552161793, 1, 'group2/M00/00/01/rE5oqV6MRN6AKY3uAALFQ4yVuPA78.jpeg', 0, 0, '2020-04-07 17:15:40', '2020-04-07 17:15:40', NULL);
INSERT INTO `sjht_entrance_prevention_file` VALUES (1254253961613844481, 1254253961592872961, 2, 'group1/M00/00/00/rE5op16lAuqAexU5AALFQ4yVuPA10.jpeg', 0, 0, '2020-04-26 11:40:22', '2020-04-26 11:40:22', NULL);

-- ----------------------------
-- Table structure for sjht_entrance_student
-- ----------------------------
DROP TABLE IF EXISTS `sjht_entrance_student`;
CREATE TABLE `sjht_entrance_student`  (
  `id` bigint(20) NOT NULL COMMENT '主键',
  `appli_id` bigint(20) NOT NULL,
  `out_school_name` varchar(255) CHARACTER SET utf8mb4 COLLATE utf8mb4_general_ci NOT NULL COMMENT '转出学校名',
  `student_num` bigint(50) NULL DEFAULT NULL COMMENT '学籍号',
  `is_health` tinyint(1) NULL DEFAULT NULL COMMENT '1健康 2残疾',
  `is_health_form` tinyint(1) NULL DEFAULT NULL COMMENT '1有 2无',
  `create_time` datetime(0) NOT NULL,
  `update_time` datetime(0) NOT NULL ON UPDATE CURRENT_TIMESTAMP(0),
  `remark` varchar(255) CHARACTER SET utf8mb4 COLLATE utf8mb4_general_ci NULL DEFAULT NULL COMMENT '备注',
  `status` tinyint(255) NULL DEFAULT 1 COMMENT '状态：1-草稿、2-待审核、3-审核不通过、4-审核通过、5-完成',
  `deletec` tinyint(1) NULL DEFAULT 0 COMMENT '申请ID',
  PRIMARY KEY (`id`) USING BTREE
) ENGINE = InnoDB CHARACTER SET = utf8mb4 COLLATE = utf8mb4_general_ci ROW_FORMAT = Compact;

-- ----------------------------
-- Records of sjht_entrance_student
-- ----------------------------
INSERT INTO `sjht_entrance_student` VALUES (1252846991136677889, 0, '重庆大学', 23456, 1, 1, '2020-04-22 14:30:56', '2020-04-22 14:30:57', NULL, 1, 0);
INSERT INTO `sjht_entrance_student` VALUES (1252849989690744833, 0, '重庆大学', 23456, 1, 1, '2020-04-22 14:41:52', '2020-04-22 14:41:52', NULL, 1, 0);
INSERT INTO `sjht_entrance_student` VALUES (1252855847787118593, 0, '重庆大学', 23456, 1, 1, '2020-04-22 15:04:52', '2020-04-22 15:04:52', NULL, 1, 0);
INSERT INTO `sjht_entrance_student` VALUES (1252861395215511553, 0, '重庆大学', 23456, 1, 1, '2020-04-22 15:26:52', '2020-04-22 15:26:52', NULL, 1, 0);
INSERT INTO `sjht_entrance_student` VALUES (1252878806308319234, 0, '北京大学', 888888, 1, 1, '2020-04-22 16:35:59', '2020-04-22 16:35:59', NULL, 1, 0);
INSERT INTO `sjht_entrance_student` VALUES (1253601179412074497, 1240551362855337986, '学校1', 13555, 1, 1, '2020-04-24 16:26:27', '2020-04-24 16:26:27', NULL, 1, 0);
INSERT INTO `sjht_entrance_student` VALUES (1254254082455937026, 1254252813804806145, '测试学校', 44646, 1, 1, '2020-04-26 11:40:51', '2020-04-26 13:01:58', NULL, 2, 0);

-- ----------------------------
-- Table structure for sjht_entrance_student_file
-- ----------------------------
DROP TABLE IF EXISTS `sjht_entrance_student_file`;
CREATE TABLE `sjht_entrance_student_file`  (
  `id` bigint(20) NOT NULL COMMENT '主键',
  `student_id` bigint(20) NOT NULL,
  `type` tinyint(1) NOT NULL COMMENT '1素质报告、成绩单、评语\r\n2转出学校学籍卡\r\n3体检报告',
  `file_id` varchar(128) CHARACTER SET utf8mb4 COLLATE utf8mb4_general_ci NOT NULL COMMENT '文件ID',
  `deletec` tinyint(1) NOT NULL DEFAULT 0 COMMENT '是否删除0-false，1-true（默认为0）',
  `create_time` datetime(0) NULL DEFAULT NULL,
  `update_time` datetime(0) NULL DEFAULT NULL,
  `remark` varchar(255) CHARACTER SET utf8mb4 COLLATE utf8mb4_general_ci NULL DEFAULT NULL,
  PRIMARY KEY (`id`) USING BTREE
) ENGINE = InnoDB CHARACTER SET = utf8mb4 COLLATE = utf8mb4_general_ci ROW_FORMAT = Compact;

-- ----------------------------
-- Records of sjht_entrance_student_file
-- ----------------------------
INSERT INTO `sjht_entrance_student_file` VALUES (1252794039340523522, 1252794039340523521, 0, '123', 0, '2020-04-22 10:59:09', NULL, NULL);
INSERT INTO `sjht_entrance_student_file` VALUES (1252796635870552067, 1252796635870552066, 2, '12345', 0, '2020-04-22 11:09:28', NULL, NULL);
INSERT INTO `sjht_entrance_student_file` VALUES (1252796635895717889, 1252796635870552066, 3, '123456', 0, '2020-04-22 11:09:28', NULL, NULL);
INSERT INTO `sjht_entrance_student_file` VALUES (1252847491882049538, 1252846991136677889, 1, '181', 0, '2020-04-22 14:31:39', NULL, NULL);
INSERT INTO `sjht_entrance_student_file` VALUES (1252847524606009345, 1252846991136677889, 2, '191', 0, '2020-04-22 14:31:44', NULL, NULL);
INSERT INTO `sjht_entrance_student_file` VALUES (1252847546479304706, 1252846991136677889, 3, '101', 0, '2020-04-22 14:31:51', NULL, NULL);
INSERT INTO `sjht_entrance_student_file` VALUES (1252850187846443010, 1252849989690744833, 1, '181', 0, '2020-04-22 14:42:18', NULL, NULL);
INSERT INTO `sjht_entrance_student_file` VALUES (1252850200513241090, 1252849989690744833, 2, '191', 0, '2020-04-22 14:42:20', NULL, NULL);
INSERT INTO `sjht_entrance_student_file` VALUES (1252850210902532098, 1252849989690744833, 3, '101', 0, '2020-04-22 14:42:22', NULL, NULL);
INSERT INTO `sjht_entrance_student_file` VALUES (1252855877545705474, 1252855847787118593, 1, '181', 0, '2020-04-22 15:04:53', NULL, NULL);
INSERT INTO `sjht_entrance_student_file` VALUES (1252855884558581761, 1252855847787118593, 2, '191', 0, '2020-04-22 15:04:55', NULL, NULL);
INSERT INTO `sjht_entrance_student_file` VALUES (1252855891533709314, 1252855847787118593, 3, '101', 0, '2020-04-22 15:04:57', NULL, NULL);
INSERT INTO `sjht_entrance_student_file` VALUES (1252861422977609729, 1252861395215511553, 1, '181', 0, '2020-04-22 15:26:57', NULL, NULL);
INSERT INTO `sjht_entrance_student_file` VALUES (1252871112713179139, 1252871112713179138, 1, '181', 1, '2020-04-22 16:05:25', '2020-04-22 16:09:29', NULL);
INSERT INTO `sjht_entrance_student_file` VALUES (1252872145854140418, 1252871112713179138, 2, 'string', 0, '2020-04-22 16:09:34', NULL, NULL);
INSERT INTO `sjht_entrance_student_file` VALUES (1252878806308319235, 1252878806308319234, 2, '911111', 0, '2020-04-22 16:35:59', NULL, NULL);
INSERT INTO `sjht_entrance_student_file` VALUES (1252879329199570946, 1252879329199570945, 2, '911111', 1, '2020-04-22 16:38:04', '2020-04-22 16:45:06', NULL);
INSERT INTO `sjht_entrance_student_file` VALUES (1252880135688732674, 1252879329199570945, 3, '911111', 1, '2020-04-22 16:41:16', '2020-04-22 16:45:06', NULL);
INSERT INTO `sjht_entrance_student_file` VALUES (1252881102337392642, 1252879329199570945, 4, '911111', 0, '2020-04-22 16:45:07', NULL, NULL);
INSERT INTO `sjht_entrance_student_file` VALUES (1253210516157804545, 1253210516153610242, 1, '023111110', 1, '2020-04-23 14:34:05', '2020-04-26 11:33:55', NULL);
INSERT INTO `sjht_entrance_student_file` VALUES (1253601179412074498, 1253601179412074497, 1, 'group2/M00/00/02/rE5orV6iot2AVVn7AABbLri-wjI482.jpg', 0, '2020-04-24 16:26:27', NULL, NULL);
INSERT INTO `sjht_entrance_student_file` VALUES (1253601179491766273, 1253601179412074497, 1, 'group2/M00/00/02/rE5orV6iot2AVVn7AABbLri-wjI482.jpg', 0, '2020-04-24 16:26:27', NULL, NULL);
INSERT INTO `sjht_entrance_student_file` VALUES (1253601179500154882, 1253601179412074497, 2, 'group2/M00/00/02/rE5orV6ioviAbiUkAALFQ4yVuPA99.jpeg', 0, '2020-04-24 16:26:27', NULL, NULL);
INSERT INTO `sjht_entrance_student_file` VALUES (1253601179512737793, 1253601179412074497, 3, 'group2/M00/00/02/rE5oqV6iow-AGMZpAABuV-mil-o10.jpeg', 0, '2020-04-24 16:26:27', NULL, NULL);
INSERT INTO `sjht_entrance_student_file` VALUES (1254252350032224258, 1253210516153610242, 1, 'group1/M00/00/00/rE5oqF6lAYuAK-GCAABbLri-wjI843.jpg', 0, '2020-04-26 11:33:58', NULL, NULL);
INSERT INTO `sjht_entrance_student_file` VALUES (1254252350069972993, 1253210516153610242, 2, 'group1/M00/00/00/rE5op16lAXqACPa2AABuV-mil-o81.jpeg', 0, '2020-04-26 11:33:58', NULL, NULL);
INSERT INTO `sjht_entrance_student_file` VALUES (1254252350078361602, 1253210516153610242, 3, 'group1/M00/00/00/rE5oqF6lAZaAOeJ0AALFQ4yVuPA92.jpeg', 0, '2020-04-26 11:33:58', NULL, NULL);
INSERT INTO `sjht_entrance_student_file` VALUES (1254254082455937027, 1254254082455937026, 1, 'group1/M00/00/00/rE5op16lAxSASi0EAALFQ4yVuPA30.jpeg', 0, '2020-04-26 11:40:51', NULL, NULL);
INSERT INTO `sjht_entrance_student_file` VALUES (1254254082468519937, 1254254082455937026, 2, 'group1/M00/00/00/rE5oqF6lAzGAR9zIAABuV-mil-o17.jpeg', 0, '2020-04-26 11:40:51', NULL, NULL);
INSERT INTO `sjht_entrance_student_file` VALUES (1254254082472714242, 1254254082455937026, 3, 'group1/M00/00/00/rE5op16lAx-AbTWEAALFQ4yVuPA02.jpeg', 0, '2020-04-26 11:40:51', NULL, NULL);

-- ----------------------------
-- Table structure for sys_con_role_permission
-- ----------------------------
DROP TABLE IF EXISTS `sys_con_role_permission`;
CREATE TABLE `sys_con_role_permission`  (
  `id` bigint(20) NOT NULL AUTO_INCREMENT,
  `role_id` bigint(20) NOT NULL COMMENT '角色id',
  `permission_id` bigint(20) NOT NULL COMMENT '权限id',
  `deletec` tinyint(1) NULL DEFAULT 0 COMMENT '是否删除：0-未删除、1-删除',
  `create_time` datetime(0) NULL DEFAULT CURRENT_TIMESTAMP(0) COMMENT '创建时间（默认为CURRENT_TIMESTAMP）',
  `update_time` datetime(0) NULL DEFAULT CURRENT_TIMESTAMP(0) COMMENT '更新时间（默认为CURRENT_TIMESTAMP）',
  `remark` varchar(512) CHARACTER SET utf8 COLLATE utf8_general_ci NULL DEFAULT NULL COMMENT '备注',
  PRIMARY KEY (`id`) USING BTREE
) ENGINE = InnoDB AUTO_INCREMENT = 1242266163381952531 CHARACTER SET = utf8 COLLATE = utf8_general_ci ROW_FORMAT = Compact;

-- ----------------------------
-- Records of sys_con_role_permission
-- ----------------------------
INSERT INTO `sys_con_role_permission` VALUES (1242266163381952514, 1210010106725515265, 1210453975770341377, 0, '2020-03-24 09:45:08', '2020-03-24 09:45:08', NULL);
INSERT INTO `sys_con_role_permission` VALUES (1242266163381952515, 1210010106725515265, 1210453834040614914, 0, '2020-03-24 09:45:08', '2020-03-24 09:45:08', NULL);
INSERT INTO `sys_con_role_permission` VALUES (1242266163381952516, 1210010106725515265, 1207119725293744129, 0, '2020-03-24 09:45:08', '2020-03-24 09:45:08', NULL);
INSERT INTO `sys_con_role_permission` VALUES (1242266163381952517, 1210010106725515265, 1211941602428313601, 0, '2020-03-24 09:45:08', '2020-03-24 09:45:08', NULL);
INSERT INTO `sys_con_role_permission` VALUES (1242266163381952518, 1210010106725515265, 1211941447742382081, 0, '2020-03-24 09:45:08', '2020-03-24 09:45:08', NULL);
INSERT INTO `sys_con_role_permission` VALUES (1242266163381952519, 1210010106725515265, 1211539897827983362, 0, '2020-03-24 09:45:08', '2020-03-24 09:45:08', NULL);
INSERT INTO `sys_con_role_permission` VALUES (1242266163381952520, 1210010106725515265, 1211539713656094721, 0, '2020-03-24 09:45:08', '2020-03-24 09:45:08', NULL);
INSERT INTO `sys_con_role_permission` VALUES (1242266163381952521, 1210010106725515265, 1207119725293744131, 0, '2020-03-24 09:45:08', '2020-03-24 09:45:08', NULL);
INSERT INTO `sys_con_role_permission` VALUES (1242266163381952522, 1210010106725515265, 1207119725293744130, 0, '2020-03-24 09:45:08', '2020-03-24 09:45:08', NULL);
INSERT INTO `sys_con_role_permission` VALUES (1242266163381952523, 1210010106725515265, 1211539992212406274, 0, '2020-03-24 09:45:08', '2020-03-24 09:45:08', NULL);
INSERT INTO `sys_con_role_permission` VALUES (1242266163381952524, 1210010106725515265, 1209757686300680194, 0, '2020-03-24 09:45:08', '2020-03-24 09:45:08', NULL);
INSERT INTO `sys_con_role_permission` VALUES (1242266163381952525, 1210010106725515265, 1209756342110134273, 0, '2020-03-24 09:45:08', '2020-03-24 09:45:08', NULL);
INSERT INTO `sys_con_role_permission` VALUES (1242266163381952526, 1210010106725515265, 1211574807720624129, 0, '2020-03-24 09:45:08', '2020-03-24 09:45:08', NULL);
INSERT INTO `sys_con_role_permission` VALUES (1242266163381952527, 1210010106725515265, 1214842692375216130, 0, '2020-03-24 09:45:08', '2020-03-24 09:45:08', NULL);
INSERT INTO `sys_con_role_permission` VALUES (1242266163381952528, 1210010106725515265, 1242265729778999298, 0, '2020-03-24 09:45:08', '2020-03-24 09:45:08', NULL);
INSERT INTO `sys_con_role_permission` VALUES (1242266163381952529, 1210010106725515265, 1242265936457523201, 0, '2020-03-24 09:45:08', '2020-03-24 09:45:08', NULL);
INSERT INTO `sys_con_role_permission` VALUES (1242266163381952530, 1210010106725515265, 1242266105433448449, 0, '2020-03-24 09:45:08', '2020-03-24 09:45:08', NULL);

-- ----------------------------
-- Table structure for sys_con_user_role
-- ----------------------------
DROP TABLE IF EXISTS `sys_con_user_role`;
CREATE TABLE `sys_con_user_role`  (
  `id` bigint(20) NOT NULL AUTO_INCREMENT,
  `user_id` bigint(20) NOT NULL COMMENT '用户id',
  `role_id` bigint(20) NOT NULL COMMENT '角色id',
  `deletec` tinyint(1) NULL DEFAULT NULL COMMENT '是否删除0-未删除，1-删除（默认为0）',
  `creat_time` datetime(0) NULL DEFAULT CURRENT_TIMESTAMP(0) COMMENT '时间（默认为CURRENT_TIMESTAMP）',
  `update_time` datetime(0) NULL DEFAULT CURRENT_TIMESTAMP(0) COMMENT '时间（默认为CURRENT_TIMESTAMP）',
  `remark` varchar(512) CHARACTER SET utf8 COLLATE utf8_general_ci NULL DEFAULT NULL COMMENT '备注',
  PRIMARY KEY (`id`) USING BTREE
) ENGINE = InnoDB AUTO_INCREMENT = 1213009247887278082 CHARACTER SET = utf8 COLLATE = utf8_general_ci ROW_FORMAT = Compact;

-- ----------------------------
-- Records of sys_con_user_role
-- ----------------------------
INSERT INTO `sys_con_user_role` VALUES (1211566991777726463, 1211566991777726466, 1210010106725515265, NULL, '2019-12-31 17:05:35', '2019-12-31 17:05:35', NULL);
INSERT INTO `sys_con_user_role` VALUES (1213009247887278081, 1254954305637502978, 1210010106725515265, 0, '2020-01-03 16:08:35', '2020-01-03 16:08:35', NULL);

-- ----------------------------
-- Table structure for sys_org
-- ----------------------------
DROP TABLE IF EXISTS `sys_org`;
CREATE TABLE `sys_org`  (
  `id` bigint(20) NOT NULL COMMENT '主键',
  `linkname` varchar(64) CHARACTER SET utf8mb4 COLLATE utf8mb4_german2_ci NULL DEFAULT NULL COMMENT '联系人名称',
  `org_name` varchar(64) CHARACTER SET utf8mb4 COLLATE utf8mb4_german2_ci NULL DEFAULT NULL COMMENT '名称',
  `mobile` varchar(11) CHARACTER SET utf8mb4 COLLATE utf8mb4_german2_ci NULL DEFAULT NULL COMMENT '手机号码',
  `email` varchar(64) CHARACTER SET utf8mb4 COLLATE utf8mb4_german2_ci NULL DEFAULT NULL COMMENT '邮箱',
  `intro` varchar(1024) CHARACTER SET utf8mb4 COLLATE utf8mb4_german2_ci NULL DEFAULT NULL COMMENT '简介',
  `logo_id` varchar(512) CHARACTER SET utf8mb4 COLLATE utf8mb4_german2_ci NULL DEFAULT NULL COMMENT 'logo',
  `identitypic_ids` varchar(40) CHARACTER SET utf8mb4 COLLATE utf8mb4_german2_ci NULL DEFAULT NULL COMMENT '身份证照片ids,多个id用，分隔',
  `worktype` varchar(32) CHARACTER SET utf8mb4 COLLATE utf8mb4_german2_ci NULL DEFAULT NULL COMMENT '机构性质',
  `businesspic_id` varchar(128) CHARACTER SET utf8mb4 COLLATE utf8mb4_german2_ci NULL DEFAULT NULL COMMENT '营业执照',
  `status` tinyint(1) NULL DEFAULT NULL COMMENT '状态',
  `deletec` tinyint(1) NULL DEFAULT 0 COMMENT '是否删除0-未删除，1-删除（默认为0）',
  `create_time` datetime(0) NULL DEFAULT CURRENT_TIMESTAMP(0) COMMENT '时间（默认为CURRENT_TIMESTAMP）',
  `update_time` datetime(0) NULL DEFAULT CURRENT_TIMESTAMP(0) COMMENT '时间（默认为CURRENT_TIMESTAMP）',
  `remark` varchar(512) CHARACTER SET utf8mb4 COLLATE utf8mb4_german2_ci NULL DEFAULT NULL COMMENT '备注',
  PRIMARY KEY (`id`) USING BTREE
) ENGINE = InnoDB CHARACTER SET = utf8mb4 COLLATE = utf8mb4_german2_ci ROW_FORMAT = Compact;

-- ----------------------------
-- Records of sys_org
-- ----------------------------
INSERT INTO `sys_org` VALUES (1211490927290400769, 'funny', '测试机构', '13548884444', 'funnyli12388@gmail.com', 'ceshi', NULL, '', '非盈利', '', NULL, 1, '2019-12-30 11:35:20', '2019-12-30 11:35:52', NULL);
INSERT INTO `sys_org` VALUES (1211491133645963265, 'funny', '测试机构', '13548884444', 'funnyli12388@gmail.com', 'ceshi', NULL, '', '非盈利', '', NULL, 0, '2019-12-30 11:36:09', '2019-12-30 11:36:09', NULL);
INSERT INTO `sys_org` VALUES (1214732588485283841, 'funny', 'ceshi', '13548884444', 'funnyli12388@gmail.com', 'desc', NULL, NULL, '政府机构', NULL, NULL, 1, '2020-01-08 10:16:32', '2020-01-08 10:33:08', NULL);
INSERT INTO `sys_org` VALUES (1214801642667479042, 'string', 'string', 'string', 'string', 'string', 'string', '', 'string', 'string', NULL, 0, '2020-01-08 14:50:56', '2020-01-08 14:50:56', NULL);
INSERT INTO `sys_org` VALUES (1214801988546564097, 'string', 'string', 'string', 'string', 'string', 'string', '', 'string', 'string', NULL, 0, '2020-01-08 14:52:18', '2020-01-08 14:52:18', NULL);
INSERT INTO `sys_org` VALUES (1214802848458575873, 'funnyli', 'ceshi', '13548885555', '123456@gmail.com', 'ceshi', '1214801236713312258', '1214801298088562689,1214801314240827393', '政府机构', '1214801259110895617', NULL, 0, '2020-01-08 14:55:43', '2020-01-08 14:55:43', NULL);

-- ----------------------------
-- Table structure for sys_permission
-- ----------------------------
DROP TABLE IF EXISTS `sys_permission`;
CREATE TABLE `sys_permission`  (
  `id` bigint(20) NOT NULL COMMENT '权限id',
  `name` varchar(100) CHARACTER SET utf8 COLLATE utf8_general_ci NOT NULL COMMENT '权限名称',
  `description` varchar(255) CHARACTER SET utf8 COLLATE utf8_general_ci NULL DEFAULT NULL COMMENT '权限描述',
  `url` varchar(255) CHARACTER SET utf8 COLLATE utf8_general_ci NULL DEFAULT NULL COMMENT '权限访问路径',
  `perms` varchar(255) CHARACTER SET utf8 COLLATE utf8_general_ci NULL DEFAULT NULL COMMENT '权限标识',
  `parent_id` bigint(11) NULL DEFAULT NULL COMMENT '父级权限id',
  `type` int(1) NULL DEFAULT NULL COMMENT '类型   0：目录   1：菜单   2：按钮',
  `order_num` int(3) NULL DEFAULT 0 COMMENT '排序',
  `icon` varchar(50) CHARACTER SET utf8 COLLATE utf8_general_ci NULL DEFAULT NULL COMMENT '图标',
  `status` int(1) NOT NULL COMMENT '状态：1有效；2删除',
  `deletec` tinyint(1) NULL DEFAULT 0 COMMENT '是否删除0-未删除，1-删除（默认为0）',
  `create_time` datetime(0) NULL DEFAULT CURRENT_TIMESTAMP(0) COMMENT '时间（默认为CURRENT_TIMESTAMP）',
  `update_time` datetime(0) NULL DEFAULT CURRENT_TIMESTAMP(0) COMMENT '时间（默认为CURRENT_TIMESTAMP）',
  `remark` varchar(512) CHARACTER SET utf8 COLLATE utf8_general_ci NULL DEFAULT NULL COMMENT '备注',
  PRIMARY KEY (`id`) USING BTREE
) ENGINE = InnoDB CHARACTER SET = utf8 COLLATE = utf8_general_ci ROW_FORMAT = Compact;

-- ----------------------------
-- Records of sys_permission
-- ----------------------------
INSERT INTO `sys_permission` VALUES (1207119725293744129, '主页', '主页面', '/workspace', 'homes', 0, 0, 0, 'home', 1, 0, '2019-12-25 10:52:43', '2019-12-25 10:52:43', NULL);
INSERT INTO `sys_permission` VALUES (1207119725293744130, '系统管理', '系统管理', '/system_manager', NULL, 0, 0, 1, 'appstore', 1, 0, '2019-12-25 10:55:06', '2019-12-25 10:55:06', NULL);
INSERT INTO `sys_permission` VALUES (1207119725293744131, '资源管理', '资源管理', '/source_manager', 'ucenter:permission:getPermissionList', 1207119725293744130, 1, 0, 'table', 1, 0, '2019-12-25 10:58:31', '2019-12-25 10:58:31', NULL);
INSERT INTO `sys_permission` VALUES (1209756342110134273, '用户管理', '用户管理', '/user_manager', 'test', 1207119725293744130, 1, 2, 'table', 1, 0, '2019-12-25 16:42:42', '2019-12-25 16:42:42', NULL);
INSERT INTO `sys_permission` VALUES (1209757686300680194, '角色管理', '角色管理', '/role_manager', 'test', 1207119725293744130, 1, 1, 'table', 1, 0, '2019-12-25 16:48:03', '2019-12-25 16:48:03', NULL);
INSERT INTO `sys_permission` VALUES (1210453834040614914, '机构管理', '机构管理', '/organization_manager', NULL, 0, 0, 3, 'bank', 1, 0, '2019-12-27 14:54:17', '2019-12-27 14:54:17', NULL);
INSERT INTO `sys_permission` VALUES (1210453975770341377, '机构信息', '机构信息', '/organization_info', 'test', 1210453834040614914, 0, 0, 'table', 1, 0, '2019-12-27 14:54:51', '2019-12-27 14:54:51', NULL);
INSERT INTO `sys_permission` VALUES (1211539713656094721, '基础信息管理', '基础信息管理', '/basic_info_manager', NULL, 0, 0, 4, 'database', 1, 0, '2019-12-30 14:49:11', '2019-12-30 14:49:11', NULL);
INSERT INTO `sys_permission` VALUES (1211539897827983362, '年级管理', '年级管理', '/grade_manager', 'test', 1211539713656094721, 1, 0, 'table', 1, 0, '2019-12-30 14:49:55', '2019-12-30 14:49:55', NULL);
INSERT INTO `sys_permission` VALUES (1211539992212406274, '班级管理', '班级管理', '/class_manager', 'test', 1211539713656094721, 1, 1, 'table', 1, 0, '2019-12-30 14:50:18', '2019-12-30 14:50:18', NULL);
INSERT INTO `sys_permission` VALUES (1211574807720624129, '学年管理', '学年管理', '/term_manager', 'test', 1211539713656094721, 1, 2, 'table', 1, 0, '2019-12-30 17:08:38', '2019-12-30 17:08:38', NULL);
INSERT INTO `sys_permission` VALUES (1211941447742382081, '系统监控', '系统监控', '/system_monitor', NULL, 0, 0, 2, 'eye', 1, 0, '2019-12-31 17:25:32', '2019-12-31 17:25:32', NULL);
INSERT INTO `sys_permission` VALUES (1211941602428313601, '定时任务', '定时任务', '/timing_task', 'test', 1211941447742382081, 1, 0, 'table', 1, 0, '2019-12-31 17:26:09', '2019-12-31 17:26:09', NULL);
INSERT INTO `sys_permission` VALUES (1214842692375216130, '学区地址', '学区地址', '/school_district_address', 'test', 1211539713656094721, 1, 4, 'table', 1, 0, '2020-01-08 17:34:03', '2020-01-08 17:34:03', NULL);
INSERT INTO `sys_permission` VALUES (1237217949320740866, 'test', 'test', 'string', 'menu:createMenu', 0, 1, 1, 'test', 1, 0, '2020-03-10 11:25:20', '2020-03-10 11:25:20', NULL);
INSERT INTO `sys_permission` VALUES (1242265729778999298, '入学管理', '入学管理', '/entrance_manager', 'test', 0, 1, 5, 'team', 1, 0, '2020-03-24 09:43:24', '2020-03-24 09:43:24', NULL);
INSERT INTO `sys_permission` VALUES (1242265936457523201, '地址管理', '三对口地址管理', '/address_manager', NULL, 1242265729778999298, 0, 0, 'table', 1, 0, '2020-03-24 09:44:14', '2020-03-24 09:44:14', NULL);
INSERT INTO `sys_permission` VALUES (1242266105433448449, '入学审核', '入学审核列表', '/entrance_review', NULL, 1242265729778999298, 0, 1, 'table', 1, 0, '2020-03-24 09:44:54', '2020-03-24 09:44:54', NULL);

-- ----------------------------
-- Table structure for sys_role
-- ----------------------------
DROP TABLE IF EXISTS `sys_role`;
CREATE TABLE `sys_role`  (
  `id` varbinary(20) NOT NULL COMMENT '角色id',
  `name` varchar(50) CHARACTER SET utf8 COLLATE utf8_general_ci NOT NULL COMMENT '角色名称',
  `description` varchar(255) CHARACTER SET utf8 COLLATE utf8_general_ci NULL DEFAULT NULL COMMENT '角色描述',
  `status` tinyint(1) NOT NULL DEFAULT 1 COMMENT '状态：1有效；2删除',
  `deletec` tinyint(1) NULL DEFAULT 0 COMMENT '是否删除0-未删除，1-删除（默认为0）',
  `create_time` datetime(0) NULL DEFAULT CURRENT_TIMESTAMP(0) COMMENT '创建时间（默认为CURRENT_TIMESTAMP）',
  `update_time` datetime(0) NULL DEFAULT CURRENT_TIMESTAMP(0) COMMENT '更新时间（默认为CURRENT_TIMESTAMP）',
  `remark` varchar(525) CHARACTER SET utf8 COLLATE utf8_general_ci NULL DEFAULT NULL COMMENT '备注'
) ENGINE = InnoDB CHARACTER SET = utf8 COLLATE = utf8_general_ci ROW_FORMAT = Compact;

-- ----------------------------
-- Records of sys_role
-- ----------------------------
INSERT INTO `sys_role` VALUES (0x31323130303130313036373235353135323635, '超级管理员', '超级管理员', 0, 0, '2019-12-26 09:31:05', '2019-12-31 16:46:37', NULL);

-- ----------------------------
-- Table structure for sys_three_counterpart_region
-- ----------------------------
DROP TABLE IF EXISTS `sys_three_counterpart_region`;
CREATE TABLE `sys_three_counterpart_region`  (
  `id` bigint(20) NOT NULL COMMENT '主键',
  `org_id` bigint(20) NULL DEFAULT NULL COMMENT '所属学校',
  `name` varchar(512) CHARACTER SET utf8mb4 COLLATE utf8mb4_german2_ci NOT NULL COMMENT '名称',
  `parent_id` bigint(20) NULL DEFAULT 0 COMMENT '父id',
  `type` tinyint(1) NULL DEFAULT 1 COMMENT '1-小区，2-地址',
  `deletec` tinyint(1) NULL DEFAULT 0 COMMENT '是否删除0-未删除，1-删除（默认为0）',
  `create_time` datetime(0) NULL DEFAULT CURRENT_TIMESTAMP(0) COMMENT '时间（默认为CURRENT_TIMESTAMP）',
  `update_time` datetime(0) NULL DEFAULT CURRENT_TIMESTAMP(0) COMMENT '时间（默认为CURRENT_TIMESTAMP）',
  `remark` varchar(255) CHARACTER SET utf8mb4 COLLATE utf8mb4_german2_ci NULL DEFAULT NULL COMMENT '备注',
  PRIMARY KEY (`id`) USING BTREE
) ENGINE = InnoDB CHARACTER SET = utf8mb4 COLLATE = utf8mb4_german2_ci ROW_FORMAT = Compact;

-- ----------------------------
-- Records of sys_three_counterpart_region
-- ----------------------------
INSERT INTO `sys_three_counterpart_region` VALUES (1215123164070215681, 1211491133645963265, '江南小区', 0, 1, 0, '2020-01-09 12:08:32', '2020-01-09 13:50:54', '小区');
INSERT INTO `sys_three_counterpart_region` VALUES (1215123199721799682, 1211491133645963265, '中交漫山', 0, 1, 0, '2020-01-09 12:08:41', '2020-01-09 12:08:41', '');
INSERT INTO `sys_three_counterpart_region` VALUES (1215123235864117249, 1211491133645963265, '重庆市南岸区玉马路9号', 1215123164070215681, 2, 0, '2020-01-09 12:08:49', '2020-01-09 13:50:15', '地址');
INSERT INTO `sys_three_counterpart_region` VALUES (1242274365939052546, NULL, '测试小区', 0, 1, 0, '2020-03-24 10:17:43', '2020-03-24 10:20:02', 'test');
INSERT INTO `sys_three_counterpart_region` VALUES (1242274573901033473, NULL, '测试地址', 1242274365939052546, 2, 0, '2020-03-24 10:18:33', '2020-03-24 10:31:00', 'test');

-- ----------------------------
-- Table structure for sys_user
-- ----------------------------
DROP TABLE IF EXISTS `sys_user`;
CREATE TABLE `sys_user`  (
  `id` bigint(20) NOT NULL COMMENT '主键id',
  `user_name` varchar(25) CHARACTER SET utf8mb4 COLLATE utf8mb4_german2_ci NOT NULL COMMENT '用户名、创建唯一索引',
  `password` varchar(128) CHARACTER SET utf8mb4 COLLATE utf8mb4_german2_ci NOT NULL COMMENT '登录密码',
  `name` varchar(25) CHARACTER SET utf8mb4 COLLATE utf8mb4_german2_ci DEFAULT NULL COMMENT '真实姓名',
  `email` varchar(30) CHARACTER SET utf8mb4 COLLATE utf8mb4_german2_ci DEFAULT NULL COMMENT '邮箱',
  `tell` varchar(11) CHARACTER SET utf8mb4 COLLATE utf8mb4_german2_ci DEFAULT NULL COMMENT '电话号码',
  `salt` varchar(100) CHARACTER SET utf8mb4 COLLATE utf8mb4_german2_ci DEFAULT NULL COMMENT '盐',
  `file_id` varchar(200) CHARACTER SET utf8mb4 COLLATE utf8mb4_german2_ci DEFAULT NULL COMMENT '头像地址',
  `user_type` tinyint(1) DEFAULT 1 COMMENT '用户类型：1-系统用户，2-客户端用户',
  `status` tinyint(1) NOT NULL DEFAULT 1 COMMENT '状态 1-正常 2-禁用(默认为1)',
  `create_by` bigint(20) DEFAULT NULL COMMENT '创建人',
  `deletec` tinyint(1) DEFAULT 0 COMMENT '是否删除0-未删除，1-删除（默认为0）',
  `create_time` datetime(0) DEFAULT CURRENT_TIMESTAMP COMMENT '创建时间（默认为CURRENT_TIMESTAMP）',
  `update_time` datetime(0) DEFAULT CURRENT_TIMESTAMP COMMENT '更新时间（默认为CURRENT_TIMESTAMP）',
  `remark` varchar(512) CHARACTER SET utf8mb4 COLLATE utf8mb4_german2_ci DEFAULT NULL COMMENT '备注',
  PRIMARY KEY (`id`) USING BTREE,
  UNIQUE INDEX `uniq_index`(`user_name`) USING BTREE
) ENGINE = InnoDB CHARACTER SET = utf8mb4 COLLATE = utf8mb4_german2_ci ROW_FORMAT = Compact;

-- ----------------------------
-- Records of sys_user
-- ----------------------------
INSERT INTO `sys_user` VALUES (1210080241054154754, 'admin', '$2a$10$A5ra1mTG5WmGiPOquWXb8.Pps3l3A7ydLUeuBARLaADXm/I5Zle8K', 'admin', 'string', 'string', NULL, 'group2/M00/00/01/rE5orV5y6LCAJ378AABuV-mil-o97.jpeg', 1, 1, NULL, 0, '2019-12-26 14:09:46', '2020-04-29 14:49:39', NULL);
INSERT INTO `sys_user` VALUES (1211566991777726466, 'funny1', '$2a$10$xXDKfcsqZbREABX.euLsI.YqnvB5AKEDsucWL5unkVB/JqZKgCKSK', 'funnyLi', '', '', NULL, '1214470186418044929', 1, 1, NULL, 0, '2019-12-30 16:37:35', '2020-01-07 16:54:21', NULL);
INSERT INTO `sys_user` VALUES (1254954305637502978, 'funny', '$2a$10$J5mmSkvF/S5vvoVLDf2WT.OLtSqCGsiDw6pTYZi8lX0zmo2HNU2c2', 'string', 'string', 'string', NULL, 'group1/M00/00/00/rE5oqF6pKqSAQPMEAABuV-mil-o43.jpeg', 1, 1, NULL, 0, '2020-04-28 10:03:17', '2020-04-29 15:18:06', NULL);
INSERT INTO `sys_user` VALUES (1255428235724722178, 'super', '$2a$10$tfo6/ygMryEo.gDQIrVYrO0IEA9w2BAGNSlK7PLsaRzu2xqttf0J.', 'super', '', '110', NULL, 'ddddd', 1, 1, NULL, 0, '2020-04-29 17:26:30', '2020-04-29 17:26:30', NULL);

SET FOREIGN_KEY_CHECKS = 1;
